,id,first_name,last_name,email,gender,age,money,lon,lat,phone,registration,inactive,last_seen,address,preference,full_name,country
0,27625,Leandra,Pabelik,lpabelik5f@yale.edu,F,63.0,55.18,18.2841004,49.6325518,0136319724,2019-04-16 00:00:00,False,2019-06-03 12:39:57,"Palkovice, Czech Republic",entrée/plat/dessert,Leandra Pabelik,Czech Republic
1,27570,Ruthi,Ross,rross3w@sohu.com,F,57.0,20.37,19.2302203,50.4665752,,2018-10-23 00:00:00,False,2019-08-30 11:41:04,"Siewierz, Poland",entrée/plat/dessert,Ruthi Ross,Poland
2,27572,Silas,Stourton,silas.stourton3y@answers.com,M,22.0,36.28900000000001,118.8310811,24.9848125,,2018-12-30 00:00:00,False,2019-03-27 13:10:32,"Longbo, China",entrée/plat/dessert,Silas Stourton,China
3,27435,Roxine,Pettecrew,rpettecrew5@gravatar.com,F,64.0,108.82300000000002,121.648987,-8.844744,,2019-03-12 00:00:00,False,2019-03-12 00:00:00,"Potulando, Indonesia",entrée/plat,Roxine Pettecrew,Indonesia
5,27497,Gordie,Bodicum,gbodicum1v@apache.org,M,60.0,47.26,13.978680800000001,49.786243299999995,0146943857,2017-04-29 00:00:00,False,2018-12-26 07:40:36,"Jince, Czech Republic",entrée/plat/dessert,Gordie Bodicum,Czech Republic
6,27539,Dulcine,Stopforth,dstopforth31@forbes.com,F,22.0,13.860000000000001,-35.587669700000006,-6.2553933,,2017-12-13 00:00:00,False,2019-01-15 15:39:05,"Serrinha, Brazil",entrée/plat/dessert,Dulcine Stopforth,Brazil
7,27469,Denny,Hasnip,dhasnip13@so-net.ne.jp,F,47.0,83.56700000000001,-89.917591,14.113817999999998,,2017-05-01 00:00:00,False,2019-03-08 18:46:46,"Comapa, Guatemala",entrée/plat/dessert,Denny Hasnip,Guatemala
9,27565,Esmeralda,Hollindale,ehollindale3r@guardian.co.uk,F,29.0,60.59,-36.5087385,-54.281149,,2017-10-05 00:00:00,False,2018-04-12 15:45:51,"Grytviken, China",entrée/plat/dessert,Esmeralda Hollindale,China
10,27446,Skippie,Arlott,sarlottg@so-net.ne.jp,M,49.0,27.797,38.954229999999995,55.87784,,2017-08-13 00:00:00,False,2018-10-06 10:55:59,"Malaya Dubna, Russia",entrée/plat/dessert,Skippie Arlott,Russia
11,27550,Shermie,Locard,slocard3c@lycos.com,M,65.0,35.948,112.8135304,-7.305958,,2018-09-29 00:00:00,False,2019-05-03 00:23:45,"Wonorejo, Indonesia",entrée/plat/dessert,Shermie Locard,Indonesia
12,27548,Stanley,McCullen,smccullen3a@timesonline.co.uk,M,60.0,,119.141473,28.074648999999997,0875503094,2017-06-05 00:00:00,False,2017-06-05 00:00:00,"Longquan, China",entrée/plat/dessert,Stanley McCullen,China
13,27537,Lila,Yellowlees,lyellowlees2z@cdbaby.com,F,70.0,52.8,-51.5289168,-29.2581646,,2017-05-26 00:00:00,False,2019-06-08 15:55:33,"Garibaldi, Brazil",entrée/plat/dessert,Lila Yellowlees,Brazil
14,27554,Ty,Havock,thavock3g@google.co.jp,M,55.0,36.003,112.044491,22.915094,,2017-02-08 00:00:00,False,2019-09-29 06:27:12,"Yunfu, China",entrée/plat/dessert,Ty Havock,China
15,27619,Shelley,Skeemor,sskeemor59@princeton.edu,F,44.0,41.5,111.8784707,-7.5849174,0547556034,2019-01-24 00:00:00,False,2019-05-04 13:18:24,"Guyangan, Indonesia",entrée/plat/dessert,Shelley Skeemor,Indonesia
16,27442,Mort,Midford,mmidfordc@yale.edu,M,59.0,,6.8485009,5.9592535,0811321968,2019-06-25 00:00:00,False,2019-06-25 00:00:00,"Ozubulu, Nigeria",entrée/plat,Mort Midford,Nigeria
17,27602,Eimile,Staterfield,estaterfield4s@cbsnews.com,F,67.0,38.51,-78.8458135,-2.7389977,,2017-12-10 00:00:00,False,2019-06-27 23:11:25,"Azogues, Ecuador",entrée/plat/dessert,Eimile Staterfield,Ecuador
18,27513,Dominick,Hryncewicz,dhryncewicz2b@amazonaws.com,M,56.0,80.71,68.2146857,38.53011179999999,,2017-08-04 00:00:00,False,2019-07-26 02:33:01,"Tursunzoda, Tajikistan",entrée/plat/dessert,Dominick Hryncewicz,Tajikistan
19,27507,Tate,Feldmann,tfeldmann25@networksolutions.com,M,,92.16900000000001,30.1560436,-23.411495300000002,,2017-06-06 00:00:00,False,2018-04-27 17:45:14,"Duiwelskloof, South Africa",entrée/plat/dessert,Tate Feldmann,South Africa
20,27462,Graig,Brownsea,gbrownseaw@arstechnica.com,M,54.0,80.23,110.3934388,-7.2133284,0262855559,2018-05-22 00:00:00,False,2019-09-28 13:28:10,"Sidomukti, Indonesia",entrée/plat/dessert,Graig Brownsea,Indonesia
21,27466,Baron,Spurrett,bspurrett10@psu.edu,M,36.0,57.56,16.5805056,-18.360404100000004,06etcetera,2018-07-20 00:00:00,False,2019-02-02 18:29:51,"Omuthiya, Namibia",entrée/plat/dessert,Baron Spurrett,Namibia
22,27501,Thibaud,Hatje,thatje1z@is.gd,M,24.0,56.97,-7.1853869999999995,53.158984,,2017-08-21 00:00:00,False,2019-03-02 19:21:34,"Portarlington, Ireland",entrée/plat/dessert,Thibaud Hatje,Ireland
23,27498,Pattie,Egiloff,pegiloff1w@liveinternet.ru,M,44.0,,16.9312789,53.6808257,,2019-06-06 00:00:00,False,2019-06-06 00:00:00,"Czarne, Poland",entrée/plat/dessert,Pattie Egiloff,Poland
24,27563,Andre,Lugsdin,alugsdin3p@microsoft.com,M,30.0,40.63,12.2197116,57.121813,0144026028,2017-01-15 00:00:00,False,2019-06-03 02:11:38,"Varberg, Sweden",entrée/plat/dessert,Andre Lugsdin,Sweden
25,27468,Chip,Halcro,chalcro12@noaa.gov,M,41.0,18.39,126.30205749999999,8.7833709,,2019-04-28 00:00:00,False,2019-08-25 21:38:46,"Marihatag, Philippines",entrée/plat/dessert,Chip Halcro,Philippines
26,27460,Feliza,Kettlesting,fkettlestingu@51.la,F,63.0,87.84,121.68517150000001,17.535859600000002,,2017-04-10 00:00:00,False,2019-03-31 18:14:55,"Maddarulug Norte, Philippines",entrée/plat/dessert,Feliza Kettlesting,Philippines
27,27551,Brigg,Bryett,bbryett3d@prlog.org,M,20.0,28.05,102.638296,24.301245,0746863267,2017-10-25 00:00:00,False,2019-04-10 01:46:26,"Dayingjie, China",entrée/plat/dessert,Brigg Bryett,China
28,27508,Nicolas,Close,nclose26@topsy.com,M,43.0,86.68,-6.2755912,53.3500473,,2018-02-12 00:00:00,False,2019-06-08 01:44:19,"Kingscourt, Ireland",entrée/plat/dessert,Nicolas Close,Ireland
29,27509,Robinson,Glassopp,rglassopp27@wikimedia.org,M,44.0,86.11,113.77863899999998,26.480043,,2017-11-24 00:00:00,False,2019-09-29 05:43:22,"Xiayang, China",entrée/plat,Robinson Glassopp,China
30,27440,Erick,Meharry,emeharrya@wikispaces.com,M,52.0,44.792,3.5751746,47.794456,0098166909,2017-04-21 00:00:00,False,2018-07-11 08:22:11,"Auxerre, France",entrée/plat/dessert,Erick Meharry,France
31,27593,Evelyn,Olenichev,eolenichev4j@tripadvisor.com,F,44.0,54.252,23.7117556,37.9442881,0214068650,2017-01-02 00:00:00,False,2019-08-07 22:59:39,"Néa Smýrni, Greece",entrée/plat/dessert,Evelyn Olenichev,Greece
33,27463,Caesar,Ferrarotti,cferrarottix@qq.com,M,59.0,66.924,112.867154,-6.921845200000001,0346857462,2018-12-10 00:00:00,False,2019-10-02 02:43:57,"Trogan Barat, Indonesia",entrée/plat/dessert,Caesar Ferrarotti,Indonesia
34,27448,Martainn,Wallage,mwallagei@wsj.com,M,65.0,24.783000000000005,122.1916328,-8.618134,,2018-11-11 00:00:00,False,2018-11-11 00:00:00,"Wolomarang, Indonesia",entrée/plat/dessert,Martainn Wallage,Indonesia
36,27595,Kenton,Curzon,kcurzon4l@eepurl.com,M,35.0,49.54,31.5958532,51.89111320000001,,2018-11-17 00:00:00,False,2019-07-27 16:37:57,"Horodnya, Ukraine",entrée/plat/dessert,Kenton Curzon,Ukraine
37,27617,Smitty,Richter,srichter57@pinterest.com,M,54.0,19.07,37.1492786,56.747787699999996,0789,2018-10-20 00:00:00,False,2019-04-14 11:57:19,"Zarya, Russia",entrée/plat/dessert,Smitty Richter,Russia
38,27494,Gill,Cottell,gcottell1s@upenn.edu,F,63.0,64.13,0.813275,46.647310499999996,0177869521,2017-01-09 00:00:00,False,2018-11-03 14:49:10,"Ajaccio, France",entrée/plat/dessert,Gill Cottell,France
39,27505,Alvis,Bonar,abonar23@wufoo.com,M,27.0,90.88,14.426643799999999,49.660576500000005,,2017-03-09 00:00:00,False,2019-03-09 13:06:07,"Sedlčany, Czech Republic",entrée/plat/dessert,Alvis Bonar,Czech Republic
40,27566,Amalie,Matthisson,aMatthisson3s@ted.com,F,63.0,15.279000000000002,16.3041503,57.993606799999995,0409272683,2019-01-20 00:00:00,False,2019-01-20 00:00:00,"Linköping, Sweden",entrée/plat/dessert,Amalie Matthisson,Sweden
41,27456,Dorine,Gauchier,dgauchierq@admin.ch,F,33.0,30.063,31.788393300000003,47.309181,,2019-07-10 00:00:00,False,2019-07-10 00:00:00,"Nova Odesa, Ukraine",entrée/plat/dessert,Dorine Gauchier,Ukraine
42,27439,Darnall,Krolak,dkrolak9@alexa.com,M,27.0,37.202000000000005,-82.6969408,8.519938900000001,,2018-10-20 00:00:00,False,2019-04-15 11:28:19,"Santa Marta, Panama",plat/dessert,Darnall Krolak,Panama
44,27545,Malinde,Lindsey,mlindsey37@sogou.com,F,42.0,77.38,16.9015317,53.0905078,,2019-06-14 00:00:00,False,2019-07-05 21:37:53,"Kaczory, Poland",entrée/plat/dessert,Malinde Lindsey,Poland
45,27432,Gardener,Kempson,gkempson2@furl.net,M,33.0,41.3,25.911060199999998,49.103781500000004,0774378059,2017-09-08 00:00:00,False,2019-03-18 18:58:59,"Kopychyntsi, Ukraine",entrée/plat/dessert,Gardener Kempson,Ukraine
46,27475,Early,Stubley,estubley19@qq.com,M,46.0,,-8.2871878,38.9882422,,2018-07-17 00:00:00,False,2018-07-17 00:00:00,"Couço, Portugal",entrée/plat/dessert,Early Stubley,Portugal
47,27578,Correna,Esmond,cesmond44@topsy.com,F,24.0,50.611000000000004,38.4948982,48.4518702,,2017-01-30 00:00:00,False,2019-04-16 03:18:37,"Stepanivka, Ukraine",entrée/plat/dessert,Correna Esmond,Ukraine
48,27580,Bobbi,Yakubov,byakubov46@kickstarter.com,F,27.0,73.37,114.05786499999999,22.543096,,2017-01-29 00:00:00,False,2019-09-19 09:37:13,"Sunzhen, China",entrée/plat/dessert,Bobbi Yakubov,China
49,27458,Osborne,Donn,odonns@webeden.co.uk,M,33.0,37.609,117.43006100000001,23.701262,0721208335,2018-09-01 00:00:00,False,2019-03-07 22:09:24,"Dongshe, China",plat/dessert,Osborne Donn,China
50,27483,Hanny,Ballin,hballin1h@networkadvertising.org,F,,23.07,-79.1048501,-5.2755737,,2018-11-29 00:00:00,False,2018-11-29 00:00:00,"La Coipa, Peru",entrée/plat/dessert,Hanny Ballin,Peru
51,27445,Gardener,Brosi,gbrosif@flickr.com,M,47.0,39.182,-39.0710754,-11.256816699999998,0321573819,2017-03-30 00:00:00,False,2019-05-11 01:15:13,"Araci, Brazil",entrée/plat/dessert,Gardener Brosi,Brazil
52,27482,Denys,Sherr,denys_sherr@yahoo.com,F,22.0,47.7,-75.773888,-11.72447,,2017-08-18 00:00:00,False,2018-06-15 12:08:35,"Chacapalpa, Peru",entrée/plat/dessert,Denys Sherr,Peru
53,27467,Worden,Shewery,wshewery11@smugmug.com,M,26.0,15.67,19.8833333,40.9166667,0517301167,2018-08-22 00:00:00,False,2018-11-22 07:43:27,"Kajan, Albania",entrée/plat/dessert,Worden Shewery,Albania
54,27527,Hersh,Karpushkin,hkarpushkin2p@smugmug.com,M,66.0,99.70400000000001,31.816403100000002,1.2061176000000002,,2018-01-20 00:00:00,False,2018-06-20 05:50:22,"Kyankwanzi, Uganda",entrée/plat/dessert,Hersh Karpushkin,Uganda
55,27576,Kial,Gooble,kgooble42@parallels.com,F,66.0,,122.018799,47.233746000000004,,2018-03-05 00:00:00,False,2018-03-05 00:00:00,"Haduohe, China",entrée/plat/dessert,Kial Gooble,China
56,27471,Grethel,Burnyate,gburnyate15@mail.ru,F,43.0,39.99,106.61734150000001,-6.2956209,0593299765,2017-01-19 00:00:00,False,2018-10-03 08:57:02,"Pagedangan, Indonesia",entrée/plat/dessert,Grethel Burnyate,Indonesia
57,27547,Vasily,Moggach,vmoggach39@g.co,M,39.0,51.711,20.2540479,50.7480989,0133026726,2018-01-07 00:00:00,False,2018-10-07 01:15:33,"Złotniki, Poland",entrée/plat/dessert,Vasily Moggach,Poland
58,27531,Adair,Zelland,azelland2t@github.io,M,58.0,40.403,-49.3164138,-25.1860913,,2018-03-13 00:00:00,False,2018-10-14 21:14:31,"Rio Branco do Sul, Brazil",entrée/plat/dessert,Adair Zelland,Brazil
59,27478,Kinna,Ffoulkes,kffoulkes1c@archive.org,F,,57.82,6.1250598,45.925854,,2018-08-13 00:00:00,False,2018-08-13 00:00:00,"Annecy, France",entrée/plat/dessert,Kinna Ffoulkes,France
60,27590,Hazel,Wilton,h_wilton@google.ca,F,24.0,97.27300000000001,117.55273799999999,30.8346,,2017-09-16 00:00:00,False,2018-09-28 22:59:50,"Fengle, China",plat/dessert,Hazel Wilton,China
61,27543,Ogden,Jertz,ojertz35@aboutads.info,M,20.0,,15.559671900000001,46.0733211,0228944761,2017-07-10 00:00:00,False,2017-07-10 00:00:00,"Kozje, Slovenia",entrée/plat/dessert,Ogden Jertz,Slovenia
62,27520,Christye,Hamil,chamil2i@oaic.gov.au,F,68.0,42.44,23.0280055,49.154057,,2017-06-09 00:00:00,False,2018-04-18 10:14:24,"Turka, Ukraine",plat/dessert,Christye Hamil,Ukraine
63,27569,Ricardo,Martinovsky,rmartinovsky3v@npr.org,M,52.0,53.52,-76.7711626,-6.9353405,,2019-09-19 00:00:00,False,2019-09-19 00:00:00,"Saposoa, Peru",entrée/plat/dessert,Ricardo Martinovsky,Peru
64,27506,Brooke,Edwicker,bedwicker24@hugedomains.com,M,,95.86,31.8875679,26.3418755,,2018-09-03 00:00:00,False,2018-09-03 00:00:00,"Jirjā, Egypt",entrée/plat/dessert,Brooke Edwicker,Egypt
65,27621,Forbes,Viste,fviste5b@seattletimes.com,M,22.0,29.82,110.67499779999999,-7.6535289,0012673876,2019-01-22 00:00:00,False,2019-08-06 20:47:17,"Kuncen, Indonesia",entrée/plat/dessert,Forbes Viste,Indonesia
66,27588,Augustina,Hubbold,ahubbold4e@yandex.ru,F,54.0,62.502,3.0792713,44.1012172,,2017-11-21 00:00:00,False,2019-06-02 09:25:12,"Millau, France",entrée/plat/dessert,Augustina Hubbold,France
67,27477,Rae,Lassey,rlassey1b@oracle.com,F,62.0,73.67800000000001,118.03177,24.808198,,2017-01-12 00:00:00,False,2019-10-02 00:53:20,"Zhangxi, China",entrée/plat/dessert,Rae Lassey,China
68,27541,Clio,Anning,canning33@globo.com,F,37.0,95.24900000000001,29.2916352,-26.215504499999998,0744215909,2018-01-14 00:00:00,False,2019-01-28 08:34:53,"Kriel, South Africa",entrée/plat/dessert,Clio Anning,South Africa
69,27455,Ericka,Gowrich,egowrichp@t-online.de,F,65.0,95.15,3.2188961,43.33628220000001,0431555341,2019-08-22 00:00:00,False,2019-08-22 00:00:00,"Béziers, France",entrée/plat/dessert,Ericka Gowrich,France
70,27499,Bret,Bradnock,bbradnock1x@reference.com,M,54.0,28.721,39.5314274,44.418695,0644377486,2018-04-27 00:00:00,False,2018-06-27 07:42:59,"Khadyzhensk, Russia",entrée/plat/dessert,Bret Bradnock,Russia
71,27430,Cordelie,Keir,ckeir0@ucla.edu,F,,55.29,100.603798,16.158922,,2019-04-22 00:00:00,False,2019-04-22 00:00:00,"Thap Khlo, Thailand",entrée/plat/dessert,Cordelie Keir,Thailand
72,27484,Pedro,Gillease,pgillease1i@statcounter.com,M,61.0,31.614,-68.6028341,18.649728,,2018-11-26 00:00:00,False,2018-11-26 00:00:00,"Otra Banda, Dominican Republic",entrée/plat/dessert,Pedro Gillease,Dominican Republic
73,27535,Essa,Trewman,etrewman2x@yale.edu,F,42.0,98.06,113.02063999999999,28.39895,,2017-09-05 00:00:00,False,2019-02-02 12:56:18,"Beishan, China",entrée/plat/dessert,Essa Trewman,China
74,27584,Yehudit,Curston,ycurston4a@nifty.com,M,63.0,86.99,-106.4170311,31.9754756,0157438239,2019-01-09 00:00:00,False,2019-01-09 00:00:00,"El Paso, United States",entrée/plat/dessert,Yehudit Curston,United States
76,27512,Simonette,Breissan,sbreissan2a@state.tx.us,F,66.0,66.1,168.0177331,-46.3478987,0936125953,2018-07-08 00:00:00,False,2018-07-08 00:00:00,"Riverton, New Zealand",entrée/plat/dessert,Simonette Breissan,New Zealand
77,27452,Gene,Daldan,gdaldanm@alexa.com,M,45.0,41.16,115.474295,40.256729,,2019-04-26 00:00:00,False,2019-04-26 00:00:00,"Toubao, China",entrée/plat/dessert,Gene Daldan,China
80,27517,Zack,Reinhard,zreinhard2f@github.com,M,35.0,91.2,-68.103824,-38.9615131,0056565079,2017-10-20 00:00:00,False,2019-04-21 06:56:42,"Las Lajas, Argentina",entrée/plat/dessert,Zack Reinhard,Argentina
81,27628,Arliene,Sedgeman,asedgeman5i@cmu.edu,F,33.0,67.63900000000001,14.521627800000003,59.3216049,0795796664,2017-05-10 00:00:00,False,2018-07-09 01:45:46,"Karlskoga, Sweden",entrée/plat/dessert,Arliene Sedgeman,Sweden
82,27556,Lori,Scandrett,lscandrett3i@goo.gl,F,62.0,17.84,39.1784374,55.918088600000004,,2017-05-04 00:00:00,False,2018-05-06 05:40:22,"Pokrov, Russia",entrée/plat/dessert,Lori Scandrett,Russia
83,27585,Albrecht,Gilmartin,agilmartin4b@un.org,M,66.0,18.788,9.8194682,2.3380025,,2017-10-03 00:00:00,False,2018-06-28 08:07:58,"Río Campo, Equatorial Guinea",entrée/plat/dessert,Albrecht Gilmartin,Equatorial Guinea
84,27589,Duane,Lyptrit,dlyptrit4f@lycos.com,M,45.0,84.89800000000001,108.12211459999999,-7.4111208,,2018-02-05 00:00:00,False,2019-08-24 16:47:31,"Sukasenang, Indonesia",entrée/plat/dessert,Duane Lyptrit,Indonesia
85,27529,Duane,Dudeney,ddudeney2r@pen.io,M,40.0,36.09,-50.4536793,-21.202853899999997,0159952607,2019-01-11 00:00:00,False,2019-05-02 06:59:19,"Araçatuba, Brazil",entrée/plat/dessert,Duane Dudeney,Brazil
86,27516,Issiah,Poupard,ipoupard2e@twitpic.com,M,33.0,20.537000000000003,17.4903796,49.199757,,2019-07-16 00:00:00,False,2019-07-16 00:00:00,"Žlutava, Czech Republic",plat,Issiah Poupard,Czech Republic
87,27559,Hersh,Glison,hglison3l@sciencedaily.com,M,35.0,77.264,5.8978018,43.494573700000004,0111330886,2018-04-08 00:00:00,False,2019-04-20 15:15:39,"Paris 19, France",entrée/plat/dessert,Hersh Glison,France
88,27555,Gav,Erskine,gerskine3h@tuttocitta.it,M,47.0,94.08,-4.2429565,36.757714,,2018-09-07 00:00:00,False,2019-05-10 18:14:19,"Malaga, Spain",entrée/plat/dessert,Gav Erskine,Spain
89,27579,Izzy,Clemence,Izzy.Clemence45@hhs.gov,M,48.0,51.425000000000004,97.521763,40.324768,,2019-08-10 00:00:00,False,2019-08-10 00:00:00,"Xigebi, China",entrée/plat/dessert,Izzy Clemence,China
90,27480,Lind,Pitkin,lpitkin1e@google.com,M,31.0,24.794,110.50666299999999,24.765091,,2017-10-07 00:00:00,False,2019-01-24 17:28:23,"Sanjie, China",plat,Lind Pitkin,China
91,27618,Murielle,Beston,mbeston58@youku.com,F,38.0,109.417,173.138978,1.386973,,2017-02-19 00:00:00,False,2018-09-10 16:16:38,"Bonriki Village, Kiribati",entrée/plat/dessert,Murielle Beston,Kiribati
92,27438,Anson,Churchward,achurchward8@mit.edu,M,45.0,81.45,-9.4851741,52.4460804,0665664983,2019-07-17 00:00:00,False,2019-07-17 00:00:00,"Listowel, Ireland",entrée/plat/dessert,Anson Churchward,Ireland
94,27433,Kissie,Alstead,kalstead3@ameblo.jp,F,47.0,27.39,-88.6714295,15.1398293,,2017-01-17 00:00:00,False,2018-05-10 04:22:15,"Los Tangos, Honduras",entrée/plat/dessert,Kissie Alstead,Honduras
95,27586,Micky,Piffe,mpiffe4c@dagondesign.com,F,55.0,40.93,17.2804413,62.19642660000001,,2017-02-27 00:00:00,False,2019-05-12 07:19:33,"Njurunda, Sweden",entrée/plat/dessert,Micky Piffe,Sweden
97,27451,Udale,MacTrustie,umactrustiel@wordpress.org,M,24.0,73.909,17.2717728,49.9318266,,2019-09-05 00:00:00,False,2019-09-05 00:00:00,"Rýmařov, Czech Republic",entrée/plat/dessert,Udale MacTrustie,Czech Republic
98,27502,Malissia,Bonnette,mbonnette20@creativecommons.org,F,30.0,42.06400000000001,19.222441699999997,49.6496394,,2018-09-22 00:00:00,False,2018-09-22 00:00:00,"Żywiec, Poland",entrée/plat/dessert,Malissia Bonnette,Poland
99,27443,Perl,Saffin,psaffind@sitemeter.com,F,27.0,63.932,129.07564159999998,35.17955429999999,,2019-02-03 00:00:00,False,2019-02-03 00:00:00,"Puan, South Korea",entrée/plat/dessert,Perl Saffin,South Korea
100,27627,Barth,Davinet,bdavinet5h@paginegialle.it,M,68.0,44.022000000000006,120.20068300000001,16.024626,,2019-06-22 00:00:00,False,2019-06-22 00:00:00,"Capandanan, Philippines",entrée/plat/dessert,Barth Davinet,Philippines
101,27553,Ketti,Dispencer,kdispencer3f@ovh.net,F,28.0,77.132,111.70184520000001,-8.2702492,0368652867,2019-05-02 00:00:00,False,2019-05-02 00:00:00,"Watulimo, Indonesia",entrée/plat/dessert,Ketti Dispencer,Indonesia
102,27532,Abigale,Gaize,agaize2u@gravatar.com,F,48.0,84.47,97.863214,36.089488,,2019-07-20 00:00:00,False,2019-07-20 00:00:00,"Xiangride, China",entrée/plat/dessert,Abigale Gaize,China
103,27449,Dana,Peterson,dpetersonj@msn.com,M,21.0,13.71,111.778931,29.746561,,2017-08-01 00:00:00,False,2018-11-03 07:08:26,"Cennan, China",plat,Dana Peterson,China
104,27464,Lodovico,Pimm,lpimmy@unc.edu,M,25.0,95.51,13.416501,-12.5905158,,2017-02-13 00:00:00,False,2019-01-26 23:31:33,"Benguela, Angola",entrée/plat/dessert,Lodovico Pimm,Angola
105,27490,Selia,Cheng,scheng1o@amazonaws.com,F,25.0,83.501,31.788393300000003,47.309181,,2019-07-14 00:00:00,False,2019-07-14 00:00:00,"Nova Odesa, Ukraine",entrée/plat/dessert,Selia Cheng,Ukraine
106,27616,Myrta,O'Hartnett,mohartnett56@howstuffworks.com,F,48.0,42.713,44.4364706,-12.158470800000002,0414375779,2017-05-21 00:00:00,False,2018-06-09 21:22:31,"Patsi, Comoros",entrée/plat/dessert,Myrta O'Hartnett,Comoros
107,27549,Lay,Bramsom,lbramsom3b@godaddy.com,M,43.0,90.86,110.2951364,-7.6247732,,2017-02-18 00:00:00,False,2018-04-29 15:36:17,"Salam, Indonesia",entrée/plat/dessert,Lay Bramsom,Indonesia
108,27582,Frannie,Bagnal,fbagnal48@creativecommons.org,F,63.0,80.652,106.88093190000001,-6.4933318,0267878531,2017-05-15 00:00:00,False,2019-10-06 15:12:51,"Citeureup, Indonesia",entrée/plat/dessert,Frannie Bagnal,Indonesia
109,27608,Raleigh,Tomashov,rtomashov4y@com.com,M,45.0,18.0,-5.053363200000001,32.8771669,,2018-04-03 00:00:00,False,2018-08-24 07:32:38,"Itzer, Morocco",entrée/plat/dessert,Raleigh Tomashov,Morocco
111,27533,Charmian,Bewlay,cbewlay2v@t-online.de,F,62.0,38.91,36.5091081,55.6207919,,2019-01-16 00:00:00,False,2019-04-13 10:17:57,"Tuchkovo, Russia",entrée/plat/dessert,Charmian Bewlay,Russia
112,27544,Cristiano,Midghall,cmidghall36@npr.org,M,47.0,48.334,-75.6499025,4.8271607,0574769298,2018-01-25 00:00:00,False,2019-06-15 14:02:49,"Dos Quebradas, Colombia",entrée/plat/dessert,Cristiano Midghall,Colombia
114,27583,Petr,Swann,pSwann49@msn.com,M,44.0,,73.9212283,31.816790100000002,,2019-01-02 00:00:00,False,2019-01-02 00:00:00,"Jāndiāla Sher Khān, Pakistan",entrée/plat/dessert,Petr Swann,Pakistan
115,27611,Chan,Roelofsen,croelofsen51@multiply.com,M,70.0,16.39,-47.1322342,-23.525724800000003,0221155876,2018-11-09 00:00:00,False,2019-04-14 02:18:40,"São Roque, Brazil",entrée/plat/dessert,Chan Roelofsen,Brazil
116,27534,Dalt,Hobell,dhobell2w@mediafire.com,M,20.0,59.95,35.9407539,49.951111299999994,,2017-04-17 00:00:00,False,2019-08-05 04:02:59,"Lyubotyn, Ukraine",entrée/plat/dessert,Dalt Hobell,Ukraine
117,27528,Balduin,Forshaw,bforshaw2q@1und1.de,M,42.0,86.14,21.9542482,51.3180409,0817650798,2017-10-14 00:00:00,False,2019-08-08 17:39:13,"Kazimierz Dolny, Poland",entrée/plat/dessert,Balduin Forshaw,Poland
118,27626,Sim,Dinwoodie,sdinwoodie5g@etsy.com,M,65.0,104.764,-66.3381678,-33.2843846,,2018-08-26 00:00:00,False,2019-05-31 12:40:21,"Buena Esperanza, Argentina",entrée/plat/dessert,Sim Dinwoodie,Argentina
119,27454,Mischa,Manneville,mmannevilleo@wiley.com,M,60.0,78.49600000000001,18.788567699999998,51.811764000000004,,2017-05-18 00:00:00,False,2019-07-27 06:00:01,"Pęczniew, Poland",entrée/plat/dessert,Mischa Manneville,Poland
120,27581,Aldus,Dreghorn,adreghorn47@thetimes.co.uk,M,38.0,,113.016085,29.394409999999997,0222360265,2018-10-16 00:00:00,False,2018-10-16 00:00:00,"Gangdong, China",entrée/plat/dessert,Aldus Dreghorn,China
121,27511,Bogart,Brownbill,bbrownbill29@yolasite.com,M,44.0,14.630000000000003,17.4884299,52.991659999999996,0545969512,2017-11-14 00:00:00,False,2018-09-30 12:24:06,"Kcynia, Poland",entrée/plat/dessert,Bogart Brownbill,Poland
122,27574,Salem,Leadston,sleadston40@uol.com.br,M,54.0,44.41,33.642293200000005,-9.2263237,,2017-01-31 00:00:00,False,2019-04-22 17:10:11,"Katumba, Tanzania",entrée/plat/dessert,Salem Leadston,Tanzania
123,27503,Gabbi,Benaine,gbenaine21@vk.com,F,54.0,91.91,71.52491540000001,35.2121805,,2018-09-12 00:00:00,False,2018-10-21 23:24:16,"Nāṟay, Afghanistan",entrée/plat/dessert,Gabbi Benaine,Afghanistan
124,27486,Ewen,Bacop,ebacop1k@thetimes.co.uk,M,26.0,68.42,26.023656,-24.427870000000002,0918048688,2018-06-01 00:00:00,False,2018-10-17 23:06:07,"Bokaa, Botswana",entrée/plat/dessert,Ewen Bacop,Botswana
125,27459,Jamima,Kynan,jkynant@qq.com,F,41.0,54.032000000000004,26.7063745,-30.6866136,0816110547,2019-06-18 00:00:00,False,2019-10-10 17:21:18,"Aliwal North, South Africa",entrée/plat/dessert,Jamima Kynan,South Africa
126,27622,Lyn,Durker,ldurker5c@bandcamp.com,F,61.0,46.11,20.737591000000002,39.1505158,,2017-06-27 00:00:00,False,2018-09-27 08:10:29,"Néos Oropós, Greece",entrée/plat/dessert,Lyn Durker,Greece
127,27431,Sinclair,Witherow,switherow1@joomla.org,M,41.0,61.54500000000001,22.004970899999996,56.674533999999994,0298040087,2018-12-26 00:00:00,False,2018-12-26 00:00:00,"Skrunda, Latvia",entrée/plat/dessert,Sinclair Witherow,Latvia
128,27522,Sasha,Bozworth,sbozworth2k@ehow.com,M,70.0,92.37800000000001,-8.334953,51.86100220000001,0345561695,2018-04-17 00:00:00,False,2018-04-17 00:00:00,"Claremorris, Ireland",entrée/plat/dessert,Sasha Bozworth,Ireland
129,27453,Aldis,Gutridge,agutridgen@vkontakte.ru,M,67.0,68.123,43.7706401,43.9923818,,2018-01-09 00:00:00,False,2019-03-21 20:56:42,"Orlovka, Russia",entrée/plat/dessert,Aldis Gutridge,Russia
130,27518,Urson,Millott,umillott2g@nyu.edu,M,70.0,66.033,106.476211,29.471977000000003,,2018-07-11 00:00:00,False,2019-10-12 06:41:01,"Xinshancun, China",entrée/plat/dessert,Urson Millott,China
131,27485,Veradis,McKeurtan,vmckeurtan1j@devhub.com,F,54.0,62.205000000000005,138.1146139,36.504083,,2018-11-28 00:00:00,False,2018-11-28 00:00:00,"Suzaka, Japan",entrée/plat/dessert,Veradis McKeurtan,Japan
132,27598,Sharai,Winchcum,swinchcum4o@apple.com,F,34.0,,113.24750870000001,23.1243988,,2018-12-30 00:00:00,False,2018-12-30 00:00:00,"Xinbu, China",entrée/plat/dessert,Sharai Winchcum,China
134,27515,Gaston,McCafferky,gmccafferky2d@reuters.com,M,,,112.4909,-6.9842,0495501591,2018-11-04 00:00:00,False,2018-11-04 00:00:00,"Saniwonorejo, Indonesia",entrée/plat/dessert,Gaston McCafferky,Indonesia
135,27479,Eustace,Chasson,echasson1d@technorati.com,M,,,35.13278,31.423009999999998,,2019-07-27 00:00:00,False,2019-07-27 00:00:00,"Al Karmil, Palestinian Territory",entrée/plat/dessert,Eustace Chasson,Palestinian Territory
136,27457,Alicia,Yerrall,ayerrallr@taobao.com,F,28.0,83.028,76.78581199999999,30.7058907,,2018-06-13 00:00:00,False,2018-06-13 00:00:00,"Darya Boyi, China",entrée/plat/dessert,Alicia Yerrall,China
137,27436,Davy,Nickels,dnickels6@tamu.edu,M,52.0,56.859,-49.32471470000001,-16.115743,0847508396,2017-04-26 00:00:00,False,2019-03-29 07:14:00,"Petrolina de Goiás, Brazil",entrée/plat/dessert,Davy Nickels,Brazil
138,27493,Amalee,Speek,aspeek1r@foxnews.com,F,55.0,27.84,21.433231699999997,42.4008473,,2019-04-18 00:00:00,False,2019-04-18 00:00:00,"Partesh, Kosovo",entrée/plat/dessert,Amalee Speek,Kosovo
139,27473,Koressa,Berthon,kberthon17@parallels.com,F,42.0,78.91,110.973252,30.823054,0289190675,2018-10-21 00:00:00,False,2019-08-22 09:54:34,"Maoping, China",entrée/plat/dessert,Koressa Berthon,China
140,27472,Kennedy,Matzl,kmatzl16@prweb.com,M,24.0,73.24900000000001,118.679751,27.445870000000003,,2017-03-14 00:00:00,False,2018-06-01 02:40:36,"Xinpu, China",entrée/plat/dessert,Kennedy Matzl,China
141,27500,Edi,Walczak,ewalczak1y@blogtalkradio.com,F,,73.8,20.231841600000003,40.1063792,,2018-10-21 00:00:00,False,2018-11-14 20:55:14,"Saraqinishtë, Albania",entrée/plat/dessert,Edi Walczak,Albania
142,27577,Efren,Rowcliffe,erowcliffe43@chronoengine.com,M,20.0,64.504,117.609916,34.429066,0486008155,2018-04-24 00:00:00,False,2018-05-19 01:45:29,"Damatou, China",entrée/plat/dessert,Efren Rowcliffe,China
143,27587,Chandler,Ickowics,cickowics4d@mediafire.com,M,33.0,60.44500000000001,101.052868,13.871804999999998,,2018-01-24 00:00:00,False,2018-07-28 20:21:47,"Bang Nam Priao, Thailand",entrée/plat/dessert,Chandler Ickowics,Thailand
144,27496,Kariotta,Klimentov,kklimentov1u@miitbeian.gov.cn,F,24.0,89.518,98.3459726,7.9122744,,2017-12-24 00:00:00,False,2019-06-07 12:36:12,"Ban Talat Yai, Thailand",entrée/plat/dessert,Kariotta Klimentov,Thailand
145,27525,Darell,Newbury,dnewbury2n@cbslocal.com,F,65.0,,121.63971509999999,13.939297,,2019-09-24 00:00:00,False,2019-09-24 00:00:00,"Buan, Philippines",boisson,Darell Newbury,Philippines
146,27540,Charlene,Cuttles,ccuttles32@spiegel.de,F,31.0,49.55,-65.9958004,10.3036144,,2019-09-20 00:00:00,False,2019-09-20 00:00:00,"San José de Barlovento, Venezuela",entrée/plat/dessert,Charlene Cuttles,Venezuela
147,27614,Roxine,Bellenie,rbellenie54@topsy.com,F,50.0,72.34700000000001,25.8731407,-24.613140700000002,0275529702,2019-05-03 00:00:00,False,2019-05-03 00:00:00,"Mogoditshane, Botswana",entrée/plat/dessert,Roxine Bellenie,Botswana
149,27567,Basile,Gaddas,bGaddas3t@usatoday.com,M,32.0,36.454,107.322323,25.822349,0345081211,2018-02-21 00:00:00,False,2018-11-25 07:36:19,"Pingtang, China",entrée/plat/dessert,Basile Gaddas,China
150,27573,Harald,Timberlake,htimberlake3z@naver.com,M,62.0,52.525000000000006,32.2633061,55.85020079999999,0842877691,2019-07-07 00:00:00,False,2019-07-07 00:00:00,"Zharkovskiy, Russia",entrée/plat/dessert,Harald Timberlake,Russia
151,27538,Katie,La Wille,klawille30@usgs.gov,F,28.0,98.26,141.7366591,45.2029369,0121722344,2017-05-30 00:00:00,False,2018-04-30 06:59:26,"Wakkanai, Japan",entrée/plat/dessert,Katie La Wille,Japan
152,27495,Ariadne,Eger,aeger1t@vistaprint.com,F,49.0,82.35,39.4129061,51.626324,0378327099,2018-06-28 00:00:00,False,2019-09-08 15:36:30,"Novaya Usman’, Russia",entrée/plat/dessert,Ariadne Eger,Russia
153,27623,Deborah,Sackes,dsackes5d@gnu.org,F,36.0,77.78,115.1831787,-8.618641499999999,0365047038,2018-11-08 00:00:00,False,2019-07-16 11:21:16,"Banjar Batuaji Kaja, Indonesia",entrée/plat/dessert,Deborah Sackes,Indonesia
154,27594,Ada,McAvaddy,amcavaddy4k@storify.com,F,54.0,48.12,112.52830800000001,32.990664,0771644155,2019-04-24 00:00:00,False,2019-06-06 07:42:21,"Nanyang, China",entrée/plat/dessert,Ada McAvaddy,China
155,27606,Cissy,Kirvin,ckirvin4w@jigsy.com,F,56.0,81.08,31.3579913,30.2182236,,2017-05-10 00:00:00,False,2018-07-11 07:29:54,"Al Khānkah, Egypt",entrée/plat/dessert,Cissy Kirvin,Egypt
156,27461,Nappie,Watkinson,nwatkinsonv@csmonitor.com,M,38.0,44.92,23.1771438,51.903882700000004,,2019-05-17 00:00:00,False,2019-05-17 00:00:00,"Łomazy, Poland",entrée/plat/dessert,Nappie Watkinson,Poland
157,27526,Sarajane,Fidler,sfidler2o@sitemeter.com,F,70.0,90.09,95.308054,32.596752,0511530696,2017-04-16 00:00:00,False,2018-08-09 11:29:14,"Jieduo, China",entrée/plat/dessert,Sarajane Fidler,China
158,27536,Fawn,Okell,fokell2y@wsj.com,F,21.0,,108.40683429999999,-7.079525500000001,0218963033,2017-09-24 00:00:00,False,2017-09-24 00:00:00,"Cimenga, Indonesia",entrée/plat/dessert,Fawn Okell,Indonesia
159,27523,Wolfgang,Concannon,wconcannon2l@merriam-webster.com,M,59.0,56.848000000000006,120.17489499999999,30.387552000000003,,2017-07-10 00:00:00,False,2019-10-06 16:02:10,"Chongxian, China",entrée/plat/dessert,Wolfgang Concannon,China
160,27524,Hewett,Tanslie,htanslie2m@hp.com,M,49.0,36.14,17.4368205,62.5262505,0934317702,2018-03-11 00:00:00,False,2019-07-19 13:05:35,"Timrå, Sweden",entrée/plat/dessert,Hewett Tanslie,Sweden
161,27571,Shermie,Dyett,sdyett3x@paypal.com,M,52.0,12.518000000000002,22.5397872,41.139883000000005,,2017-07-02 00:00:00,False,2018-04-19 01:18:19,"Gevgelija, Macedonia",entrée/plat/dessert,Shermie Dyett,Macedonia
162,27591,Salomone,Arrow,sarrow4h@goodreads.com,M,32.0,85.25,-86.3503495,15.584734699999998,0243134786,2017-04-01 00:00:00,False,2019-05-03 19:25:22,"Puerto Alto, Honduras",entrée/plat/dessert,Salomone Arrow,Honduras
163,27600,Field,Wollaston,fwollaston4q@themeforest.net,M,42.0,12.94,58.468709,35.2434225,0392234826,2019-02-16 00:00:00,False,2019-05-06 03:09:32,"Kāshmar, Iran",entrée/plat/dessert,Field Wollaston,Iran
164,27474,Jordana,Vahl,jvahl18@fotki.com,F,47.0,13.849,35.542659,32.970422,,2019-01-19 00:00:00,False,2019-01-19 00:00:00,"Rosh Pinna, Israel",entrée/plat/dessert,Jordana Vahl,Israel
165,27610,Verne,Cheek,vcheek50@google.com.hk,M,39.0,107.69000000000001,107.5889804,-6.8903936,,2017-11-24 00:00:00,False,2018-09-14 00:06:12,"Sukajadi, Indonesia",entrée/plat/dessert,Verne Cheek,Indonesia
166,27620,Sherri,Morstatt,smorstatt5a@blogtalkradio.com,F,20.0,22.649,-87.87952299999999,15.5900396,,2018-09-30 00:00:00,False,2019-01-27 20:15:16,"Monterrey, Honduras",entrée/plat/dessert,Sherri Morstatt,Honduras
167,27605,Nollie,Ranscome,nranscome4v@cbc.ca,F,55.0,82.58,23.2416861,58.991981,0455157590,2019-09-04 00:00:00,False,2019-09-04 00:00:00,"Hullo, Estonia",entrée/plat/dessert,Nollie Ranscome,Estonia
168,27487,Phyllida,Buggy,pbuggy1l@shinystat.com,F,28.0,75.042,-121.8374777,39.728494399999995,,2017-09-10 00:00:00,False,2018-11-05 05:57:09,"Chico, United States",entrée/plat/dessert,Phyllida Buggy,United States
169,27599,Godfry,Stothart,gstothart4p@meetup.com,M,57.0,96.22800000000001,-7.3462545,40.951501,,2018-02-13 00:00:00,False,2019-04-20 21:37:21,"Ourozinho, Portugal",entrée/plat/dessert,Godfry Stothart,Portugal
170,27450,Claudell,Babinski,cbabinskik@discovery.com,M,57.0,73.35,19.3045833,51.222814299999996,0407262250,2018-11-03 00:00:00,False,2019-02-04 04:26:16,"Kleszczów, Poland",entrée/plat/dessert,Claudell Babinski,Poland
171,27629,Lannie,Bimson,lbimson5j@ifeng.com,M,54.0,69.55,110.3255365,-7.874817599999999,0735950711,2017-07-10 00:00:00,False,2019-08-02 17:34:45,"Bantul, Indonesia",entrée/plat/dessert,Lannie Bimson,Indonesia
172,27603,Adara,Farragher,afarragher4t@foxnews.com,F,61.0,,29.7410255,46.5084799,0606471647,2018-03-12 00:00:00,False,2018-03-12 00:00:00,"Slobozia, Moldova",entrée/plat/dessert,Adara Farragher,Moldova
173,27434,Esta,Serfati,eserfati4@geocities.jp,F,60.0,24.59,71.6131931,36.7243344,,2018-07-10 00:00:00,False,2019-08-26 02:42:34,"Ishqoshim, Tajikistan",entrée/plat/dessert,Esta Serfati,Tajikistan
174,27568,Marla,Twelftree,mtwelftree3u@google.nl,F,64.0,38.65,109.511909,18.252847,,2017-11-06 00:00:00,False,2019-06-04 20:26:09,"Sanqu, China",entrée/plat/dessert,Marla Twelftree,China
175,27564,Lorne,Feak,lfeak3q@icio.us,M,32.0,57.49,8.839032099999999,11.7942415,0505884871,2018-01-14 00:00:00,False,2018-07-15 13:11:34,"Wudil, Nigeria",entrée/plat/dessert,Lorne Feak,Nigeria
176,27444,Selle,Kent,skente@imageshack.us,F,31.0,34.43000000000001,-58.5677879,-34.6126133,07.46.00.85.89,2018-03-15 00:00:00,False,2019-03-17 18:01:41,"Caseros, Argentina",entrée/plat/dessert,Selle Kent,Argentina
177,27601,Cathrine,Echallie,cechallie4r@nasa.gov,F,32.0,75.02,12.0745352,57.732857900000006,,2017-06-09 00:00:00,False,2018-12-10 11:18:19,"Göteborg, Sweden",entrée/plat/dessert,Cathrine Echallie,Sweden
178,27437,Rudolf,Steinham,rsteinham7@google.de,M,31.0,99.143,108.80167879999999,-7.627517299999999,06.17.44.23.22,2019-08-24 00:00:00,False,2019-08-24 00:00:00,"Cimrutu, Indonesia",entrée/plat/dessert,Rudolf Steinham,Indonesia
179,27491,Dilly,Brindle,dbrindle1p@trellian.com,M,23.0,29.49,112.461956,26.974959000000002,,2018-03-24 00:00:00,False,2018-09-15 12:34:09,"Wawu, China",entrée/plat/dessert,Dilly Brindle,China
180,27542,Jorey,Dukelow,jdukelow34@aol.com,F,32.0,79.67,122.6045837,13.9567165,,2019-08-23 00:00:00,False,2019-08-23 00:00:00,"Tagkawayan Sabang, Philippines",entrée/plat/dessert,Jorey Dukelow,Philippines
181,27514,Merill,Mulderrig,mmulderrig2c@homestead.com,M,40.0,44.82,45.078261499999996,40.9158143,,2017-10-03 00:00:00,False,2019-08-16 01:53:01,"Apaga, Armenia",entrée/plat/dessert,Merill Mulderrig,Armenia
183,27609,Orland,Linforth,olinforth4z@hud.gov,M,64.0,55.53900000000001,18.3266994,52.2572052,06.64.22.02.39,2018-09-11 00:00:00,False,2018-09-11 00:00:00,"Konin, Poland",entrée/plat/dessert,Orland Linforth,Poland
184,27613,Faber,Gerardot,fgerardot53@about.com,M,69.0,37.543000000000006,-84.9531618,10.270468699999999,,2018-03-17 00:00:00,False,2019-07-06 04:57:32,"Juntas, Costa Rica",entrée/plat/dessert,Faber Gerardot,Costa Rica
185,27596,André,Gorz,a.gorz@gmail.com,M,43.0,18.92,88.16669499999999,39.024258,,2019-05-23 00:00:00,False,2019-10-11 20:05:21,"Vosnon, France",entrée/plat/dessert,André Gorz,France
187,27470,Conny,Leggatt,cleggatt14@elegantthemes.com,M,31.0,78.331,1.1150619,49.4006213,,2018-06-05 00:00:00,False,2018-10-30 05:16:18,"Sotteville-lès-Rouen, France",entrée/plat/dessert,Conny Leggatt,France
188,27489,Chevalier,Inchley,cinchley1n@technorati.com,M,70.0,70.64,6.0346235,49.630638399999995,,2017-09-23 00:00:00,False,2019-03-13 20:03:39,"Mamer, Luxembourg",entrée/plat/dessert,Chevalier Inchley,Luxembourg
189,27615,Rosie,Menichino,rmenichino55@newyorker.com,F,26.0,92.46,-48.3242858,-10.249091,,2018-04-23 00:00:00,False,2019-03-30 02:30:14,"Palmas, Brazil",entrée/plat/dessert,Rosie Menichino,Brazil
190,27492,Laina,Genever,lgenever1q@indiatimes.com,F,51.0,,112.36901999999999,25.587519,,2017-04-24 00:00:00,False,2017-04-24 00:00:00,"Jiahe, China",entrée/plat/dessert,Laina Genever,China
191,27488,Merill,Eastop,meastop1m@devhub.com,M,57.0,96.888,106.76389499999999,25.237566,,2017-06-08 00:00:00,False,2019-06-14 21:21:06,"Baliang, China",entrée/plat/dessert,Merill Eastop,China
192,27447,Melissa,McIver,mmciverh@drupal.org,F,49.0,47.938,106.23090800000001,38.487193,,2017-06-05 00:00:00,False,2019-09-12 07:49:49,"Yinchuan, China",entrée/plat/dessert,Melissa McIver,China
193,27592,Ettore,Featonby,efeatonby4i@hc360.com,M,38.0,19.756000000000004,8.271907,50.0897141,0466350315,2017-06-12 00:00:00,False,2018-07-14 20:28:17,"Wiesbaden, Germany",entrée/plat/dessert,Ettore Featonby,Germany
194,27552,Tana,Levine,tlevine3e@netlog.com,F,56.0,94.45,43.1007634,44.0854864,,2017-08-09 00:00:00,False,2018-06-01 19:39:25,"Vinsady, Russia",entrée/plat/dessert,Tana Levine,Russia
195,27557,Zachery,Smewings,zsmewings3j@ucsd.edu,M,31.0,71.852,112.999502,28.1905018,,2019-09-08 00:00:00,False,2019-09-08 00:00:00,"Luowan, China",entrée/plat/dessert,Zachery Smewings,China
196,27510,Nanny,Irons,nirons28@intel.com,F,53.0,37.345000000000006,-68.23853390000001,3.856457,0696703245,2019-04-24 00:00:00,False,2019-04-24 00:00:00,"Inírida, Colombia",entrée/plat/dessert,Nanny Irons,Colombia
197,27607,Mel,Pelz,mpelz4x@cbslocal.com,M,57.0,24.805000000000003,28.678978999999998,7.2675115,01.75.20.82.23,2018-10-16 00:00:00,False,2019-07-21 07:58:30,"Tonj, South Sudan",entrée/plat/dessert,Mel Pelz,South Sudan
198,27624,Dur,Hallaways,dhallaways5e@delicious.com,M,25.0,76.07600000000001,106.72097600000001,28.739865,0317009357,2019-07-27 00:00:00,False,2019-09-23 05:01:36,"Ganshui, China",entrée/plat/dessert,Dur Hallaways,China
199,27604,Michelina,Lowcock,mlowcock4u@nba.com,F,42.0,,12.3257105,58.335398600000005,0276520906,2017-07-12 00:00:00,False,2017-07-12 00:00:00,"Vänersborg, Sweden",entrée/plat/dessert,Michelina Lowcock,Sweden
201,27519,Leonora,Guild,lguild2h@census.gov,F,54.0,60.02700000000001,122.1950483,7.5523354000000005,,2018-12-17 00:00:00,False,2018-12-17 00:00:00,"Siraway, Philippines",entrée/plat/dessert,Leonora Guild,Philippines
203,27612,Torrance,Sivills,tsivills52@mapquest.com,M,24.0,36.43,-91.148259,15.0270435,,2018-04-03 00:00:00,False,2019-02-08 15:43:59,"Santa Cruz del Quiché, Guatemala",entrée/plat/dessert,Torrance Sivills,Guatemala
204,27465,Adelind,Christin,achristinz@blogs.com,F,30.0,90.02400000000002,41.4278531,52.415968299999996,,2019-06-04 00:00:00,False,2019-06-04 00:00:00,"Znamenka, Russia",entrée/plat/dessert,Adelind Christin,Russia
205,27476,Petronella,Pickance,ppickance1a@uiuc.edu,F,28.0,40.865,132.7021114,33.76229620000001,,2017-11-22 00:00:00,False,2018-07-29 13:18:29,"Iyo, Japan",entrée/plat/dessert,Petronella Pickance,Japan
206,27521,Moritz,Issacof,missacof2j@wired.com,M,21.0,91.97,72.3110986,31.2633956,0298949280,2018-08-20 00:00:00,False,2019-02-10 16:39:03,"Jhang Sadr, Pakistan",entrée/plat/dessert,Moritz Issacof,Pakistan
207,27441,Quintana,Foulstone,qfoulstoneb@newsvine.com,F,32.0,61.20400000000001,111.13844180000001,-6.783652900000001,0734595126,2018-10-25 00:00:00,False,2018-10-25 00:00:00,"Mantingantengah, Indonesia",entrée/plat/dessert,Quintana Foulstone,Indonesia
208,27597,Trueman,De Haven,tdehaven4n@goo.gl,M,34.0,81.54,-47.2089525,-23.0886496,0516973570,2017-06-05 00:00:00,False,2018-10-25 04:20:32,"Indaiatuba, Brazil",entrée/plat/dessert,Trueman De Haven,Brazil
